{
   "rearSuspension": {
      "damperVelocity": [-0.6,-0.3,-0.1,0,0.1,0.3,0.6],
      "damperForce": [-820,-610,-450,0,1550,2140,2850],
      "r0CS_1": [-4.27,0.495,-0.18],
      "r0CS_2": [-4.27,-0.495,-0.18],
      "r0PS_1": [-5.54814,0.495,-0.23457],
      "r0PS_2": [-5.54814,-0.495,-0.23457],
      "r0BS_1": [-4.91243,0.495,-0.26714],
      "r0BS_2": [-4.91243,-0.495,-0.26714],
      "r0CD_1": [-5.09,0.284,-0.084],
      "r0CD_2": [-5.09,-0.284,-0.084],
      "r0BD_1": [-5.0723,0.31,-0.59892],
      "r0BD_2": [-5.0723,-0.31,-0.59892],
      "cS1_x": 98100000,
      "cS1_y": 98100000,
      "cS1_z": 98100000,
      "cS2_y": 98100000,
      "cS2_r": 98100000,
      "dS1": 981,
      "dS2_r": 981,
      "dS2_y": 981,
      "s0P": 0.09,
      "c_l": 2000000,
      "c_v": 353160,
      "f0": 7800,
      "p0P": 0.29845130209103,
      "d_l": 300,
      "d_v": 350,
      "c_p": 100,
      "m": 380,
      "r0H_1": [-4.902035,0.83,-0.460955],
      "r0H_2": [-4.902035,-0.83,-0.460955],
      "r0B": [-4.902035,0,-0.460955],
      "i_11": 1000,
      "i_22": 10,
      "i_33": 1000,
      "i_21": 0,
      "i_31": 0,
      "i_32": 0,
      "c": 0,
      "phi0": 0,
      "tau0": 0     
          
   }
}