{
	"Wheel Travel[m]": [
		0.00029211,
		0.00039335,
		0.00046793,
		0.00054002,
		0.00060917,
		0.00067627,
		0.00074158,
		0.00080332,
		0.00086173,
		0.00091752,
		0.00097075,
		0.00102106,
		0.00106971,
		0.00111174,
		0.0011538,
		0.00119307,
		0.00122811,
		0.00126115,
		0.00128942,
		0.00131024,
		0.00133829
	],
	"Wheel Base[m]": [
		0.00029211,
		0.00039335,
		0.00046793,
		0.00054002,
		0.00060917,
		0.00067627,
		0.00074158,
		0.00080332,
		0.00086173,
		0.00091752,
		0.00097075,
		0.00102106,
		0.00106971,
		0.00111174,
		0.0011538,
		0.00119307,
		0.00122811,
		0.00126115,
		0.00128942,
		0.00131024,
		0.00133829
	],
	"Wheel Tread[m]": [
		-0.00073036,
		-0.00062061,
		-0.00051148,
		-0.00041515,
		-0.00033165,
		-0.00026117,
		-0.00020391,
		-0.00015911,
		-0.00012708,
		-0.00010767,
		-0.00010137,
		-0.00010811,
		-0.00012764,
		-0.00015996,
		-0.00020485,
		-0.0002627,
		-0.00033377,
		-0.00041763,
		-0.00051404,
		-0.00062402,
		-0.00074655
	],
	"Camber[deg]": [
		0.00367356,
		0.00307819,
		0.00252854,
		0.00199819,
		0.00148716,
		0.00099424,
		0.00051819,
		6.5e-05,
		-0.00036729,
		-0.00077748,
		-0.00116897,
		-0.00154059,
		-0.00188997,
		-0.00221628,
		-0.00251902,
		-0.00279996,
		-0.00305995,
		-0.00329535,
		-0.00350386,
		-0.0036919,
		-0.0038539
	],
	"side view angle [rad]": [
		0.00333648,
		0.00285069,
		0.00237171,
		0.00188516,
		0.00139199,
		0.00089139,
		0.00038386,
		-0.00013206,
		-0.00065509,
		-0.00118794,
		-0.00172765,
		-0.00227445,
		-0.00283296,
		-0.00339336,
		-0.00397053,
		-0.00455663,
		-0.00514779,
		-0.00575171,
		-0.00636473,
		-0.00697538,
		-0.00761956
	],
	"Toe[deg]": [
		0.00333648,
		0.00285069,
		0.00237171,
		0.00188516,
		0.00139199,
		0.00089139,
		0.00038386,
		-0.00013206,
		-0.00065509,
		-0.00118794,
		-0.00172765,
		-0.00227445,
		-0.00283296,
		-0.00339336,
		-0.00397053,
		-0.00455663,
		-0.00514779,
		-0.00575171,
		-0.00636473,
		-0.00697538,
		-0.00761956
	],
	"Vertical Force[N]": [
		3602.26508783,
		3762.99041651,
		3827.45479792,
		3891.58403513,
		3955.14026162,
		4023.51775404,
		4101.82871125,
		4170.76531881,
		4236.71361152,
		4299.57356031,
		4370.59611723,
		4445.67207707,
		4519.85425307,
		4584.6788234,
		4653.82581518,
		4727.14158232,
		4804.61961082,
		4880.7216751,
		4947.38025289,
		5018.13509453,
		5104.52327829
	],
	"Lateral Force[N]": [
		3602.26508783,
		3762.99041651,
		3827.45479792,
		3891.58403513,
		3955.14026162,
		4023.51775404,
		4101.82871125,
		4170.76531881,
		4236.71361152,
		4299.57356031,
		4370.59611723,
		4445.67207707,
		4519.85425307,
		4584.6788234,
		4653.82581518,
		4727.14158232,
		4804.61961082,
		4880.7216751,
		4947.38025289,
		5018.13509453,
		5104.52327829
	],
	"Longitudinal Force[N]": [
		3602.26508783,
		3762.99041651,
		3827.45479792,
		3891.58403513,
		3955.14026162,
		4023.51775404,
		4101.82871125,
		4170.76531881,
		4236.71361152,
		4299.57356031,
		4370.59611723,
		4445.67207707,
		4519.85425307,
		4584.6788234,
		4653.82581518,
		4727.14158232,
		4804.61961082,
		4880.7216751,
		4947.38025289,
		5018.13509453,
		5104.52327829
	],
	"Aliging Moment[Nm]": [
		3602.26508783,
		3762.99041651,
		3827.45479792,
		3891.58403513,
		3955.14026162,
		4023.51775404,
		4101.82871125,
		4170.76531881,
		4236.71361152,
		4299.57356031,
		4370.59611723,
		4445.67207707,
		4519.85425307,
		4584.6788234,
		4653.82581518,
		4727.14158232,
		4804.61961082,
		4880.7216751,
		4947.38025289,
		5018.13509453,
		5104.52327829
	],
	"Overturing Moment[Nm]": [
		3602.26508783,
		3762.99041651,
		3827.45479792,
		3891.58403513,
		3955.14026162,
		4023.51775404,
		4101.82871125,
		4170.76531881,
		4236.71361152,
		4299.57356031,
		4370.59611723,
		4445.67207707,
		4519.85425307,
		4584.6788234,
		4653.82581518,
		4727.14158232,
		4804.61961082,
		4880.7216751,
		4947.38025289,
		5018.13509453,
		5104.52327829
	],
	"Overturing Moment 2[Nm]": [
		3602.26508783,
		3762.99041651,
		3827.45479792,
		3891.58403513,
		3955.14026162,
		4023.51775404,
		4101.82871125,
		4170.76531881,
		4236.71361152,
		4299.57356031,
		4370.59611723,
		4445.67207707,
		4519.85425307,
		4584.6788234,
		4653.82581518,
		4727.14158232,
		4804.61961082,
		4880.7216751,
		4947.38025289,
		5018.13509453,
		5104.52327829
	]
}